ID,Nombre,Este,Norte,Tipo Tecnología,zona o huso,Huso,banda,Latitud,Longitud,,
19,PE LEBU,619571.6065,5828898.504,Eólica,18H,18,H,-37.67932615,-73.64401093,,
83,PE CANELA II,252455.9996,6532721.018,Eólica,19J,19,J,-31.31359878,-71.60114386,,
118,PE CANELA,252276.0001,6535518.994,Eólica,19J,19,J,-31.288341,-71.60233996,,
145,PE MONTE REDONDO,246429.9995,6558791.018,Eólica,19J,19,J,-31.077327,-71.65782602,,
170,PE TOTORAL,251545.9996,6531368.018,Eólica,19J,19,J,-31.32559986,-71.61103426,,
223,PE PUNTA COLORADA,300187.6011,6749678.361,Eólica,19J,19,J,-29.36622163,-71.05853062,,
238,PE TALINAY ORIENTE,252236.9996,6581553.018,Eólica,19J,19,J,-30.87339074,-71.59145976,,
251,PE CUEL,721518.0794,5845517.697,Eólica,18H,18,H,-37.51072424,-72.49370805,,
268,PE SAN PEDRO,587406.877,5319658.457,Eólica,18G,18,G,-42.27038731,-73.94009302,,
276,PE EL ARRAYAN,241256.9995,6613923.019,Eólica,19J,19,J,-30.579273,-71.69805449,,
281,PE UCUQUER II,257924.9995,6230005.018,Eólica,19H,19,H,-34.04271867,-71.62230837,,
282,PE PUNTA PALMERAS,248506.9996,6541405.018,Eólica,19J,19,J,-31.23448088,-71.64041942,,
283,PE TALTAL,414421,7228198.011,Eólica,19J,19,J,-25.05947721,-69.84846386,,
289,PE TALINAY PONIENTE,251544.9948,6582676.997,Eólica,19J,19,J,-30.863114,-71.59841796,,
295,PMGD PE UCUQUER,258988.9996,6229800.018,Eólica,19H,19,H,-34.04481085,-71.61084962,,
318,PE LOS CURUROS,246372.9995,6564046.018,Eólica,19J,19,J,-31.02994922,-71.65710552,,
334,PMGD PE RAKI,626115,5821372.014,Eólica,18H,18,H,-37.74626735,-73.56852263,,
342,PE RENAICO I,712553,5821851,Eólica,18H,18,H,-37.72596296,-72.58817785,,
345,PE LOS BUENOS AIRES,720199.9575,5842382.984,Eólica,18H,18,H,-37.539268,-72.50766904,,
350,PMGD PE HUAJACHE,626114.54,5821372.7,Eólica,18H,18,H,-37.74626123,-73.56852797,,
360,PE LA ESPERANZA,717419.023,5835410.022,Eólica,18H,18,H,-37.602721,-72.53705004,,
365,PE SAN JUAN,260338.0141,6803823.967,Eólica,19J,19,J,-28.871001,-71.45714697,,
366,PE SAN PEDRO II,589535.0015,5318425.969,Eólica,18G,18,G,-42.28124401,-73.91410101,,
406,PE VALLE DE LOS VIENTOS,518298.8537,7513327.976,Eólica,19K,19,K,-22.48635435,-68.82210858,,
414,PMGD PE LAS PEÑAS,640085,5875282.014,Eólica,18H,18,H,-37.25849493,-73.42027791,,
436,PMGD PE LEBU III,619564.86,5828555.67,Eólica,18H,18,H,-37.68241626,-73.64403118,,
454,PE SIERRA GORDA ESTE,502596,7470021,Eólica,19K,19,K,-22.87767737,-68.97469135,,
478,PE CABO LEONES,260993,6798412,Eólica,19J,19,J,-28.91992736,-71.45158384,,
512,PE AURORA,654058.13,5433196.71,Eólica,18G,18,G,-41.2379632,-73.16160277,,
516,PE SARCO,263735.88,6805382.09,Eólica,19J,19,J,-28.85758015,-71.42201008,,
531,PE PUNTA SIERRA,249936.93,6551910.19,Eólica,19 J,19,J,-31.1401002,-71.62280599,,
544,PE SAN GABRIEL,717985.34,5827627.45,Eólica,18H,18,H,-37.67266948,-72.52831822,,
594,PE EL MAITEN,717112.06,5872368.34,Eólica,18H,18,H,-37.26996629,-72.55139835,,
607,PMGD PE EL ARREBOL,624367.18,5844240.15,Eólica,18 H,18,H,-37.54044841,-73.59225058,,
611,PE LA FLOR,711096,5829304,Eólica,18H,18,H,-37.65918209,-72.60685629,,
621,PMGD PE EL NOGAL,727803.03,5836616.12,Eólica,18 H,18,H,-37.58934818,-72.41990081,,
626,PE TOLPAN SUR,712859,5826350,Eólica,18H,18,H,-37.68537692,-72.58602369,,
636,PE CABO LEONES III,255357,6798880,Eólica,19J,19,J,-28.91464255,-71.50924752,,
1658,PE CABO LEONES II,261743,6790295,Eólica,19J,19,J,-28.99326448,-71.44561694,,
1667,PE NEGRETE,714574,5835798,Eólica,18H,18,H,-37.59989515,-72.56936579,,
1682,PE LA ESTRELLA,257401.819,6218411.78,Eólica,19J,19,J,-34.14704412,-71.63120279,,
1685,PE CALAMA,519563,7513452,Eólica,19K,19,K,-22.48521989,-68.80982082,,
1690,PE ALENA,716082.46,5848487.42,Eólica,18H,18,H,-37.48526918,-72.55602791,,
1691,PE TCHAMMA,492341,7511625,Eólica,19K,19,K,-22.50182001,-69.07446494,,
1706,PE MALLECO SUR,740358,5789440,Eólica,18H,18,H,-38.01087976,-72.26220363,,
1707,PE MALLECO NORTE,740358,5789440,Eólica,18H,18,H,-38.01087976,-72.26220363,,
1712,PE CERRO TIGRE,406316.08,7371925.92,Eólica,19,19,,-23.7610443,-69.91936238,,
1753,PE RENAICO II,712062,5821551,Eólica,18H,18,H,-37.72877839,-72.59365721,,
1757,PE LOS OLMOS,725834,5830700,Eólica,18H,18,H,-37.643105,-72.44035492,,
1758,PE MESAMAVIDA,724841,5848870,Eólica,19H,19,H,-37.47973402,-72.44035492,,
1800,PE LOMAS DE DUQUECO,730890,5843634,Eólica,18H,18,H,-37.52538873,-72.38717974,,
1815,PE PUELCHE SUR,668281.83,5455665.34,Eólica,18G,18,G,-41.03285494,-72.99812607,,
1819,PE LLANOS DEL  VIENTO,397860.683,7371491.536,Eólica,19K,19,K,-23.76445127,-70.00235956,,
1845,PE CAMPO LINDO,721816.9,5857691.8,Eólica,18H,18,H,-37.40102372,-72.49399303,,
1995,PE ATACAMA,258259,6795074,Eólica,19J,19,J,-28.94951463,-71.48032294,,
239,PFV SDGX01,298623.9999,6654191.015,Fotovoltaica,19J,19,J,-30.22716286,-71.09248136,,
247,PFV LLANO DE LLAMPOS,383921,7000014.012,Fotovoltaica,19J,19,J,-27.11746063,-70.17114339,,
248,PFV SAN ANDRES,389995,6984918.012,Fotovoltaica,19J,19,J,-27.25422452,-70.11122074,,
269,PFV DIEGO DE ALMAGRO,398306,7081876.012,Fotovoltaica,19J,19,J,-26.37958883,-70.01941657,,
278,PMGD PFV SANTA CECILIA,313930.54,6778671.74,Fotovoltaica,19J,19,J,-29.10679414,-70.91214598,,
284,PFV LALACKAMA,368543.41,7221044.58,Fotovoltaica,19J,19,J,-25.12076814,-70.30391997,,
285,PFV CHAÑARES,393687.9608,7082373.001,Fotovoltaica,19J,19,J,-26.374765,-70.06566199,,
288,PFV SALVADOR,413357,7089238.012,Fotovoltaica,19J,19,J,-26.3141167,-69.8680589,,
305,PMGD PFV LAS TERRAZAS,367694,6943243.012,Fotovoltaica,19J,19,J,-27.62839525,-70.34099009,,
306,PMGD PFV PAMA,307272.9804,6547980.066,Fotovoltaica,19J,19,J,-31.186382,-71.02254997,,
307,PMGD PFV LOMAS COLORADAS,307246.88,6547994.94,Fotovoltaica,19J,19,J,-31.18624358,-71.02282088,,
308,PMGD PFV TECHOS DE ALTAMIRA,357141.09,6294500.603,Fotovoltaica,19H,19,H,-33.4794588,-70.53757704,,
309,PMGD PFV TAMBO REAL,329345.5,6674521.103,Fotovoltaica,19J,19,J,-30.0484917,-70.77011947,,
314,PFV JAVIERA,378062.52,7090296.63,Fotovoltaica,19 J,19,J,-26.30198414,-70.22151201,,
319,PFV LUZ DEL NORTE,411211.26,7010246.56,Fotovoltaica,19J,19,J,-27.02711313,-69.89510401,,
320,PMGD PFV HORNITOS,382588,6931619,Fotovoltaica,19 J,19,J,-27.73468791,-70.19119772,,
331,PFV PILAR LOS AMARILLOS,425249.7,7089067.48,Fotovoltaica,19J,19,J,-26.31632807,-69.74892702,,
332,PFV PAMPA SOLAR NORTE,381763.03,7175267.7,Fotovoltaica,19J,19,J,-25.53517309,-70.17680699,,
333,PMGD PFV LUNA DEL NORTE,338024,6675560.013,Fotovoltaica,19J,19,J,-30.04030069,-70.67997649,,
337,PFV CARRERA PINTO,413885,7012836.012,Fotovoltaica,19J,19,J,-27.00390555,-69.86797219,,
339,PMGD PFV SOL DEL NORTE,337646.48,6675562.953,Fotovoltaica,19J,19,J,-30.04022411,-70.68389017,,
344,PFV LALACKAMA II,367908.82,7222262.22,Fotovoltaica,19J,19,J,-25.10971908,-70.31009597,,
346,PFV ESPERANZA,437295.3,7091662.49,Fotovoltaica,19J,19,J,-26.29347739,-69.6281216,,
348,PFV LA SILLA,330495.11,6767337.39,Fotovoltaica,19J,19,J,-29.21136651,-70.74371532,,
349,PFV QUILAPILUN,345853,6336248,Fotovoltaica,19 H,19,H,-33.1014902,-70.65191727,,
353,PMGD PFV LA CHAPEANA,297504.9999,6622199.015,Fotovoltaica,19J,19,J,-30.51547977,-71.11029198,,
354,PMGD PFV  LAS MOLLACAS,286874.9998,6604316.015,Fotovoltaica,19J,19,J,-30.67488979,-71.22468612,,
355,PFV LOS LOROS,384525.93,6918072.68,Fotovoltaica,19 J,19,J,-27.85712036,-70.17285178,,
356,PFV CONEJO SOLAR,368053,7174101.012,Fotovoltaica,19J,19,J,-25.54454643,-70.31335005,,
357,PMGD PFV LAGUNILLA,297334,6623075,Fotovoltaica,19 J,19,J,-30.50755148,-71.1119022,,
359,PMGD PFV TILTIL,329867.69,6351922.6,Fotovoltaica,19H,19,H,-32.95778412,-70.82024393,,
362,PFV PILOTO SOLAR CARDONES,363175,6958793.012,Fotovoltaica,19J,19,J,-27.48760272,-70.38501926,,
364,PFV SANTIAGO SOLAR,326509.9663,6338084.974,Fotovoltaica,19H,19,H,-33.08201,-70.85876898,,
367,PMGD PFV BELLAVISTA,289377.9998,6494513.015,Fotovoltaica,19J,19,J,-31.66534578,-71.22157411,,
372,PMGD PFV SANTA JULIA,302056.9999,6424179.015,Fotovoltaica,19H,19,H,-32.30171983,-71.10233557,,
374,PFV ANDES SOLAR,542260,7344264,Fotovoltaica,19J,19,J,-24.01307071,-68.58446983,,
384,PFV PAMPA CAMARONES,387619.06,7548485.43,Fotovoltaica,19K,19,K,-22.16518912,-70.08996222,,
385,PFV EL AGUILA,406372,7960260,Fotovoltaica,19K,19,K,-18.44582269,-69.88665563,,
394,PFV MARIA ELENA,440541,7542544.22,Fotovoltaica,19K,19,K,-22.22148501,-69.57692992,,
399,PFV FINIS TERRAE,445661.1438,7530254.476,Fotovoltaica,19K,19,K,-22.33267761,-69.52766723,,
400,PFV JAMA,531355.72,7503345.1,Fotovoltaica,19K,19,K,-22.5763481,-68.69498,,
401,PFV POZO ALMONTE SOLAR II,421359.82,7757964.73,Fotovoltaica,19K,19,K,-20.27448407,-69.75307797,,
402,PFV POZO ALMONTE SOLAR III,422096.158,7760606.209,Fotovoltaica,19K,19,K,-20.25064676,-69.74591302,,
403,PFV LA HUAYCA II,444294.84,7738386.01,Fotovoltaica,19 K,19,K,-20.45220212,-69.53406326,,
411,PMGD PFV ALTOS DEL PAICO,309536,6274484,Fotovoltaica,19 H,19,H,-33.65247055,-71.05396465,,
412,PMGD PFV CHUCHIÑI,303233.9999,6485793.015,Fotovoltaica,19J,19,J,-31.74642824,-71.07726251,,
415,PMGD PFV EL DIVISADERO,296466.19,6585515.44,Fotovoltaica,19J,19,J,-30.84609611,-71.12835694,,
418,PFV EL ROMERO,314253.24,6778336.99,Fotovoltaica,19J,19,J,-29.10986109,-70.90888702,,
425,PFV DOÑA CARMEN SOLAR,288375,6404151,Fotovoltaica,19H,19,H,-32.47975487,-71.2520358,,
426,PFV EL PELICANO,317904.08,6774361.37,Fotovoltaica,19J,19,J,-29.14625375,-70.87203444,,
427,PMGD PFV CORDILLERILLA SOLAR,305772.15,6106821.16,Fotovoltaica,19H,19,H,-35.16279491,-71.13255114,,
428,PMGD PFV ALTURAS DE OVALLE,285256.51,6617641.72,Fotovoltaica,19 J,19,J,-30.55444371,-71.23880215,,
429,PMGD PFV HORMIGA SOLAR,338781,6378884,Fotovoltaica,19 H,19,H,-32.71603906,-70.720223,,
430,PMGD PFV SAN PEDRO,274245.0978,6246022.677,Fotovoltaica,19H,19,H,-33.902031,-71.44153396,,
435,PMGD PFV ÑILHUE,319454,6379160,Fotovoltaica,19 H,19,H,-32.71055277,-70.92629527,,
437,PMGD PFV EL BOCO,289927.89,6362582.86,Fotovoltaica,19H,19,H,-32.85474214,-71.24487498,,
439,PMGD PFV EL SAUCE,281040.67,6226309.11,Fotovoltaica,19H,19,H,-34.08110813,-71.37303193,,
442,PMGD PFV EL ROBLE,279507.47,6231168.68,Fotovoltaica,19 H,19,H,-34.03699673,-71.38840644,,
443,PMGD PFV EL LAUREL,312590.9302,6271484.416,Fotovoltaica,19 H,19,H,-33.680051,-71.02167097,,
445,PMGD PFV LIRIO DEL CAMPO,299295,6280594,Fotovoltaica,19S,19,S,-33.59551722,-71.16295946,,
455,PFV URIBE SOLAR,375850.93,7393752.19,Fotovoltaica,19K,19,K,-23.56187104,-70.21645956,,
456,PFV BOLERO,457769,7404150,Fotovoltaica,19K,19,K,-23.47216003,-69.41353387,,
457,PMGD PFV LA ESPERANZA II,266413.19,6197655.95,Fotovoltaica,19H,19,H,-34.33610338,-71.53916445,,
459,PMGD PFV CUZ CUZ,289976.71,6494762.99,Fotovoltaica,19J,19,J,-31.6632019,-71.21520963,,
462,PMGD PFV MARCHIGUE II,254883.26,6189538.13,Fotovoltaica,19H,19,H,-34.40657118,-71.66669994,,
470,PMGD PFV LOS PUQUIOS,443093.82,7740031.05,Fotovoltaica,19 K,19,K,-20.43730211,-69.54552498,,
474,PMGD PFV PAS1,421529.77,7758759.58,Fotovoltaica,19 K,19,K,-20.26730909,-69.75141601,,
475,PMGD PFV PICA,453180,7733210,Fotovoltaica,19 K,19,K,-20.49921278,-69.44901657,,
480,PMGD PFV CALAMA SOLAR,513377.98,7518008.61,Fotovoltaica,19 K,19,K,-22.44411506,-68.86998596,,
483,PMGD PFV LAS TURCAS,288882,6257333.55,Fotovoltaica,19 H,19,H,-33.80313318,-71.28063795,,
489,PFV ANTAY,363645,6958075,Fotovoltaica,19J,19,J,-27.49413028,-70.3803436,,
490,PFV CERRO DOMINADOR,451671.49,7479671.2,Fotovoltaica,19 K,19,K,-22.78980811,-69.47085302,,
491,PFV PUERTO SECO SOLAR,513545,7517259,Fotovoltaica,19K,19,K,-22.45088576,-68.86835638,,
495,PMGD PFV SAN FRANCISCO,340899,6342978,Fotovoltaica,19 H,19,H,-33.04009588,-70.70381657,,
496,PMGD PFV QUINTA SOLAR,340142,6344205,Fotovoltaica,19 H,19,H,-33.02892194,-70.71170619,,
498,PMGD PFV VALLE DE LA LUNA II,328191.01,6315489.07,Fotovoltaica,19 H,19,H,-33.28598897,-70.84503289,,
500,PMGD PFV FRANCISCO,349375.7753,6236615.861,Fotovoltaica,19H,19,H,-34.00026301,-70.63097498,,
501,PMGD PFV PANQUEHUE II,330260.59,6371919.42,Fotovoltaica,19H,19,H,-32.77755331,-70.81236976,,
503,PMGD PFV EL QUELTEHUE,294418,6284360,Fotovoltaica,19 H,19,H,-33.56064533,-71.21461659,,
506,PMGD PFV SANTUARIO SOLAR,342083.94,6359442.65,Fotovoltaica,19H,19,H,-32.89181513,-70.68830495,,
508,PMGD PFV DON EUGENIO,280300.42,6205883.12,Fotovoltaica,19H,19,H,-34.26500825,-71.38622617,,
511,PMGD PFV EL PILPEN,291800.78,6284508.69,Fotovoltaica,19H,19,H,-33.55879776,-71.24275702,,
513,PMGD PFV LA MANGA,262124.33,6244472.07,Fotovoltaica,19 H,19,H,-33.91333482,-71.57292694,,
514,PMGD PFV LA FRONTERA,246919.73,6142740.89,Fotovoltaica,19H,19,H,-34.82617949,-71.76721511,,
515,PMGD PFV CHIMBARONGO,320015.44,6144774.43,Fotovoltaica,19H,19,H,-34.82340817,-70.96804294,,
517,PFV HUATACONDO,450915,7663213,Fotovoltaica,19 K,19,K,-21.13161562,-69.47270607,,
518,PMGD PFV EL CERNICALO II,735369.74,5965005.33,Fotovoltaica,18H,18,H,-36.43132762,-72.37438347,,
519,PMGD PFV PORTEZUELO,262512,6205942,Fotovoltaica,19H,19,H,-34.26056531,-71.57924975,,
522,PMGD PFV LOS GORRIONES,251234.01,6008763.45,Fotovoltaica,19 H,19,H,-36.03390496,-71.76100315,,
524,PMGD PFV EL CERNICALO,735327.76,5964921.32,Fotovoltaica,18H,18,H,-36.43209449,-72.37482583,,
526,PMGD PFV HOMERO SOLAR,348476.61,6240608.29,Fotovoltaica,19 H,19,H,-33.96414085,-70.64001617,,
527,PMGD PFV CABILSOL,302339.04,6405809.94,Fotovoltaica,19H,19,H,-32.46737015,-71.10317698,,
528,PMGD PFV DIEGO DE ALMAGRO SOLAR,393571.87,7082838.14,Fotovoltaica,19 J,19,J,-26.37055715,-70.06678695,,
529,PMGD PFV EL PITIO,257045.47,6015318.82,Fotovoltaica,19H,19,H,-35.97633518,-71.69455691,,
530,PMGD PFV PERALILLO,252812.75,6119512.07,Fotovoltaica,19 H,19,H,-35.0368602,-71.70972094,,
534,PMGD PFV AMPARO DEL SOL,276707.69,6611006.3,Fotovoltaica,19J,19,J,-30.61270844,-71.32929755,,
537,PMGD PFV MOSTAZAL,345514.8,6238351.46,Fotovoltaica,19H,19,H,-33.98405513,-70.67245993,,
539,PMGD PFV CHANCON,331885.21,6226283.44,Fotovoltaica,19H,19,H,-34.09074614,-70.82227695,,
541,PMGD PFV LA ACACIA,308682.83,6182025.29,Fotovoltaica,19 H,19,H,-34.4856381,-71.08346792,,
543,PMGD PFV LUDERS,349286,6237229.04,Fotovoltaica,19 H,19,H,-33.99472215,-70.631841,,
545,PMGD PFV OVEJERIA,334949.63,6336810.78,Fotovoltaica,19H,19,H,-33.09481315,-70.76861494,,
546,PMGD PFV LOS PATOS,262548.12,6086889.11,Fotovoltaica,19 H,19,H,-35.33305712,-71.612494,,
550,PMGD PFV OCOA,307162.01,6369449.1,Fotovoltaica,19H,19,H,-32.7960129,-71.05938562,,
554,PMGD PFV TALHUEN,283934.4,6616978.84,Fotovoltaica,19J,19,J,-30.56018314,-71.25271496,,
555,PMGD PFV LOS LIBERTADORES,335497.84,6226404.08,Fotovoltaica,19H,19,H,-34.09023314,-70.78311195,,
556,PMGD PFV SANTA LAURA,308879.72,6413431.51,Fotovoltaica,19H,19,H,-32.39980115,-71.03207797,,
558,PMGD PFV CATAN SOLAR,349740.74,6377669.28,Fotovoltaica,19 H,19,H,-32.72854207,-70.60351854,,
559,PMGD PFV VILLA PRAT,260589.64,6111264.2,Fotovoltaica,19H,19,H,-35.11302913,-71.62693144,,
560,PMGD PFV LAS PALOMAS,749310.39,5925778.78,Fotovoltaica,18 H,18,H,-36.78101668,-72.20631427,,
562,PMGD PFV EL PICURIO,311374.97,6147306.98,Fotovoltaica,19H,19,H,-34.79902053,-71.06190044,,
564,PMGD PFV EL CHINCOL,243081,5980709,Fotovoltaica,19 H,19,H,-36.28440362,-71.86056177,,
571,PMGD PFV ALTO SOLAR,259179.98,6246280.19,Fotovoltaica,19 H,19,H,-33.89637496,-71.60424942,,
572,PMGD PFV ALICAHUE,321436,6411744,Fotovoltaica,19 H,19,H,-32.41709777,-70.89895786,,
573,PMGD PFV ENCON SOLAR,336152.73,6377534.9,Fotovoltaica,19 H,19,H,-32.72781551,-70.74849317,,
574,PMGD PFV CINTAC,339796.78,6290415.41,Fotovoltaica,19 H,19,H,-33.5138331,-70.72491294,,
576,PMGD PFV OLIVILLO,277269,6314048,Fotovoltaica,19 H,19,H,-33.28965961,-71.39186478,,
577,PMGD PFV PIQUERO,272158,6313082,Fotovoltaica,19 H,19,H,-33.29729682,-71.44695092,,
578,PMGD PFV VALLE SOLAR ESTE II,362595.02,6973641.79,Fotovoltaica,19 J,19,J,-27.35352824,-70.38921049,,
579,PMGD PFV VALLE SOLAR OESTE II,361735.08,6973850.76,Fotovoltaica,19 J,19,J,-27.35155544,-70.397879,,
580,PMGD PFV EL QUEMADO,310354,6409404,Fotovoltaica,19 H,19,H,-32.43636333,-71.01721929,,
582,PMGD PFV RODEO,316192.85,6372518.64,Fotovoltaica,19 H,19,H,-32.76988842,-70.96238432,,
584,PMGD PFV EL QUEULE,279269.18,6210664.49,Fotovoltaica,19 H,19,H,-34.22170648,-71.39619628,,
585,PMGD PFV LUNA,6211449,278119,Fotovoltaica,19 H,19,H,-44.47058091,18.56901087,,
586,PMGD PFV MALAQUITA SOLAR II,383715.9,6919672.79,Fotovoltaica,19 J,19,J,-27.84260827,-70.18092123,,
589,PMGD PFV PUNTA BAJA SOLAR,301304.59,6750538.03,Fotovoltaica,19 J,19,J,-29.35864477,-71.04687403,,
590,PMGD PFV CACHIYUYO SOLAR II,380117,6919840,Fotovoltaica,19 J,19,J,-27.84078157,-70.21744633,,
592,PMGD PFV LA BLANQUINA,347785.65,6229370.92,Fotovoltaica,19 H,19,H,-34.0653476,-70.64945065,,
593,PMGD PFV CALLE LARGA,349200.46,6360398.38,Fotovoltaica,19 H,19,H,-32.88420133,-70.61209172,,
595,PMGD PFV MARIN,337545,6370964,Fotovoltaica,19 H,19,H,-32.78726888,-70.73479018,,
597,PMGD PFV VITUCO 2B,258424,6202452,Fotovoltaica,19 H,19,H,-34.29106481,-71.62458463,,
598,PMGD PFV ARIZTIA,286045,6421999,Fotovoltaica,19 H,19,H,-32.31842504,-71.27277781,,
599,PFV ALMEYDA,390533,7101853,Fotovoltaica,19S,19,S,-26.19866381,-70.09562887,,
600,PMGD PFV LO SIERRA,284851.17,6237168.59,Fotovoltaica,19 H,19,H,-33.98403957,-71.32908772,,
601,PMGD PFV CRUCERO,270266,6182383,Fotovoltaica,19 H,19,H,-34.47456945,-71.50141332,,
602,PMGD PFV PIRQUE,349602.48,6271989.31,Fotovoltaica,19 H,19,H,-33.68138574,-70.62248132,,
603,PMGD PFV POBLACION,265164,6184168,Fotovoltaica,19 H,19,H,-34.45733872,-71.55642652,,
604,PMGD PFV LA LAJUELA,280948,6163389,Fotovoltaica,19 H,19,H,-34.64803455,-71.39008908,,
605,PMGD PFV GR SANTA ROSA,288382.93,6235223.85,Fotovoltaica,19 H,19,H,-34.00228261,-71.29135243,,
606,PMGD PFV PEDREROS SOLAR,321135.93,6369023.87,Fotovoltaica,19 H,19,H,-32.80221145,-70.91030966,,
608,PMGD PFV SANTA CLARA,268359,6611269,Fotovoltaica,19 J,19,J,-30.60875173,-71.41626493,,
609,PMGD PFV LIPANGUE,321562.29,6309505.66,Fotovoltaica,19 H,19,H,-33.33885174,-70.91736458,,
612,PMGD PFV ALTOS DE TILTIL,323741,6336378,Fotovoltaica,19 H,19,H,-33.09695321,-70.88875086,,
614,PMGD PFV LOS PERALES,285470,6330070,Fotovoltaica,19 H,19,H,-33.14692055,-71.30007547,,
615,PMGD PFV SANTA ADRIANA,317280,6270160,Fotovoltaica,19 H,19,H,-33.69280638,-70.97138686,,
616,PMGD PFV TRICAHUE II,332227,6196492,Fotovoltaica,19 H,19,H,-34.35934161,-70.82435635,,
617,PMGD PFV CASUTO,339757,6363911,Fotovoltaica,19 H,19,H,-32.85118785,-70.71239822,,
619,PMGD PFV ROVIAN,296074,6163550,Fotovoltaica,19 H,19,H,-34.64970647,-71.22512376,,
625,PMGD PFV NORTE CHICO,295692,6446534,Fotovoltaica,19 H,19,H,-32.09904477,-71.1651164,,
629,PMGD PFV RANGUIL,247189,6145132,Fotovoltaica,19 H,19,H,-34.80470921,-71.76355411,,
630,PMGD PFV CHALINGA SOLAR,313200,6484355,Fotovoltaica,19 J,19,J,-31.76106602,-70.97238089,,
631,PMGD PFV CRUZ SOLAR,325270,6370010,Fotovoltaica,19 H,19,H,-32.79398631,-70.86599154,,
632,PMGD PFV ILLAPEL 5X,296725,6500490,Fotovoltaica,19 J,19,J,-31.61278278,-71.14289065,,
633,PMGD PFV LAS CODORNICES,767243.15,5961802.23,Fotovoltaica,18 H,18,H,-36.45182065,-72.01813139,,
635,PMGD PFV EL CONDOR,314475,6138606,Fotovoltaica,19 H,19,H,-34.87800315,-71.02995712,,
637,PMGD PFV TALCA,268122.54,6072620.6,Fotovoltaica,19 H,19,H,-35.46289548,-71.55527269,,
638,PMGD PFV MONTT SOLAR,305334.26,6421681.24,Fotovoltaica,19 H,19,H,-32.32481324,-71.06805951,,
639,PFV GRANJA SOLAR,449407.32,7698801.75,Fotovoltaica,19 K,19,K,-20.8100176,-69.48618434,,
640,PMGD PFV RLA SOLAR,275711,6246167,Fotovoltaica,19 H,19,H,-33.90104364,-71.42565591,,
641,PMGD PFV CANESA SOLAR,298254,6488579,Fotovoltaica,19 J,19,J,-31.72044223,-71.12923105,,
642,PMGD PFV LAS PERDICES,264937,6084221,Fotovoltaica,19 H,19,H,-35.35765566,-71.58700166,,
643,PFV ANDES SOLAR II,542461.8,7343826.75,Fotovoltaica,19J,19,J,-24.01701457,-68.58247288,,
644,PMGD PFV MARCHIHUE VII,259532.45,6189742.37,Fotovoltaica,19 H,19,H,-34.40582306,-71.6161096,,
645,PMGD PFV DOÑIHUE,320054,6204738,Fotovoltaica,19 H,19,H,-34.28297501,-70.95493462,,
646,PMGD PFV JAURURO SOLAR,286515,6406994,Fotovoltaica,19 H,19,H,-32.45377234,-71.27117223,,
647,PMGD PFV TUCUQUERE,315454,6370924,Fotovoltaica,19 H,19,H,-32.78414087,-70.97058545,,
648,PMGD PFV JOSE SOLER MALLAFRE,314250,6136325,Fotovoltaica,19 H,19,H,-34.89851821,-71.03292407,,
651,PMGD PFV LAS LECHUZAS,763556.95,5956931.47,Fotovoltaica,18 H,18,H,-36.4966937,-72.05755357,,
653,PMGD PFV PLACILLA SOLAR,307865.29,6168554.09,Fotovoltaica,19 H,19,H,-34.60688947,-71.09540781,,
1651,PFV SANTA ISABEL,438051.28,7563276.06,Fotovoltaica,19K,19,K,-22.03410762,-69.60029278,,
1653,PMGD PFV VILLA SECA,244530.97,6027690.54,Fotovoltaica,19H,19,H,-35.86173143,-71.8292305,,
1654,PMGD PFV LUCE SOLAR,260790.21,6244814.26,Fotovoltaica,19H,19,H,-33.90994953,-71.58725106,,
1655,PMGD PFV LA LIGUA,290230.61,6409675.14,Fotovoltaica,19H,19,H,-32.43031031,-71.23107379,,
1656,PFV USYA,515648,7513653,Fotovoltaica,19K,19,K,-22.48344446,-68.84788186,,
1659,PMGD PFV SAN ISIDRO,334772,6205419,Fotovoltaica,19H,19,H,-34.27928283,-70.79497978,,
1660,PMGD PFV LAS MERCEDES,334183,6205604,Fotovoltaica,19H,19,H,-34.27752135,-70.80134011,,
1662,PMGD PFV BELLAVISTA 1,427975,7700156,Fotovoltaica,19 K,19,K,-20.79707424,-69.69207866,,
1665,PFV NUEVO QUILLAGUA,448876.65,7604872,Fotovoltaica,19K,19,K,-21.65866419,-69.49410307,,
1668,PMGD PFV CITRINO,324071.23,6283980.7,Fotovoltaica,19 H,19,H,-33.56936686,-70.89541951,,
1669,PMGD PFV ECLIPSE SOLAR,275656,6245575,Fotovoltaica,19 H,19,H,-33.90636641,-71.42640147,,
1670,PMGD PFV PILPILEN,246358,6217437,Fotovoltaica,19 H,19,H,-34.15320041,-71.75114947,,
1671,PFV ATACAMA SOLAR II,453306.02,7730356.65,Fotovoltaica,19 K,19,K,-20.52499844,-69.44788299,,
1672,PFV SAN PEDRO,523909,7506225,Fotovoltaica,19J,19,J,-22.55045263,-68.76746279,,
1675,PMGD LORETO SOLAR,309990,6208920,Fotovoltaica,19 H,19,H,-34.24349132,-71.06328823,,
1676,PMGD PFV EL ESTERO,278782,6210778,Fotovoltaica,19 H,19,H,-34.22058026,-71.40145186,,
1680,PMGD PFV RINCONADA,333004,6191196,Fotovoltaica,19 H,19,H,-34.40720436,-70.81694224,,
1681,PMGD PFV LO MIRANDA,326622,6214186,Fotovoltaica,19 H,19,H,-34.1989312,-70.88171777,,
1683,PMGD PFV KONDA,339899.13,6372146.26,Fotovoltaica,19 H,19,H,-32.77695445,-70.7094572,,
1684,PMGD PFV LOS PALTOS,308844.76,6413652.93,Fotovoltaica,19 H,19,H,-32.39779894,-71.03240474,,
1687,PMGD PFV LAS ROJAS,294985,6696011,Fotovoltaica,19 J,19,J,-29.84940769,-71.12221619,,
1688,PFV LA HUELLA,315563.97,6774850.84,Fotovoltaica,19J,19,J,-29.14150012,-70.89599999,,
1689,PMGD PFV GUADALAO,263163,6206745,Fotovoltaica,19 H,19,H,-34.25347927,-71.57196549,,
1694,PFV RIO ESCONDIDO,381281.12,6915285.53,Fotovoltaica,19J,19,J,-27.88199158,-70.20608148,,
1696,PFV AZABACHE,520072.202,7514028.255,Fotovoltaica,19K,19,K,-22.4800081,-68.804878,,
1698,PMGD PFV PARAGUAY,287924,6111894,Fotovoltaica,19 H,19,H,-35.11348267,-71.32707778,,
1704,PFV CAMPOS DEL SOL,409106.257,7007370.805,Fotovoltaica,19J,19,J,-27.05293717,-69.91653379,,
1705,PFV CAPRICORNIO,379260.42,7409924.94,Fotovoltaica,19K,19,K,-23.41607347,-70.18175499,,
1708,PMGD PFV RAUQUEN,304083,6134362,Fotovoltaica,19 H,19,H,-34.91429574,-71.14458864,,
1709,PMGD PFV LA ESTANCIA,310329,6231267,Fotovoltaica,19 H,19,H,-34.04214238,-71.05472559,,
1710,PMGD PFV LAS CHACRAS,286515,6406994,Fotovoltaica,19 H,19,H,-32.45377234,-71.27117223,,
1711,PMGD PFV CHACABUCO,340041,6352431,Fotovoltaica,19 H,19,H,-32.95473861,-70.71135481,,
1713,PMGD PFV VILLA CRUZ,238976.1,6057640.8,Fotovoltaica,19J,19,J,-35.59056872,-71.88094396,,
1714,PFV MALGARIDA,404140.03,7094120.03,Fotovoltaica,19J,19,J,-26.26945211,-69.960029,,
1718,PMGD PFV PULLALLI SOLAR,286466,6406821,Fotovoltaica,19J,19,J,-32.45532237,-71.27173232,,
1719,PMGD PFV MARIA PINTO,295180.07,6289663.21,Fotovoltaica,19 H,19,H,-33.51299463,-71.205198,,
1720,PMGD PFV TRICA-DOS,266260,6057530,Fotovoltaica,19 H,19,H,-35.59838789,-71.58013021,,
1721,PMGD PFV LLANOS DE POTROSO,320000,6706960,Fotovoltaica,19 J,19,J,-29.75455426,-70.86156495,,
1723,PMGD PFV CATEMU,315940,6376523,Fotovoltaica,19 H,19,H,-32.73374514,-70.96428961,,
1724,PMGD PFV EL CHUCAO,236016,6009714,Fotovoltaica,19 H,19,H,-36.02133972,-71.92939477,,
1725,PMGD PFV JAHUEL,347960,6382585,Fotovoltaica,19H,19,H,-32.6839717,-70.62171326,,
1726,PMGD PFV DARLIN SOLAR,327006,6263290,Fotovoltaica,19 S,19,S,-33.75636567,-70.86784346,,
1727,PMGD PFV UTFSM VALPARAISO VALDES,257834.3,6341882.61,Fotovoltaica,19H,19,H,-33.0346558,-71.59299348,,
1728,PMGD PFV UTFSM VIÑA DEL MAR,267890.09,6341991.53,Fotovoltaica,19H,19,H,-33.035865,-71.48538309,,
1729,PMGD PFV COVADONGA,369631,7075755,Fotovoltaica,19 J,19,J,-26.43250806,-70.30743421,,
1730,PMGD PFV GIRASOLES,307327.5,6301437.56,Fotovoltaica,19 H,19,H,-33.40912202,-71.07196208,,
1731,PMGD PFV ANTONIA SOLAR,320408.4,6192202.31,Fotovoltaica,19 H,19,H,-34.39602265,-70.95370563,,
1732,PMGD PFV PARQUE SOLAR SANTA FE,254907.19,6054707.2,Fotovoltaica,19 H,19,H,-35.62106402,-71.70618235,,
1733,PMGD PFV ÑIQUEN,249260.12,5980069.02,Fotovoltaica,19 H,19,H,-36.29179205,-71.79204287,,
1734,PMGD PFV DON MARIANO,333133.1,6182436.36,Fotovoltaica,19 H,19,H,-34.48618212,-70.81724789,,
1735,PMGD PFV VILLA ALEGRE,254862,6046854,Fotovoltaica,19 H,19,H,-35.69178158,-71.70907014,,
1736,PMGD PFV QUELTEHUE SOLAR,320048.89,6193158.82,Fotovoltaica,19 H,19,H,-34.38733906,-70.95741381,,
1737,PMGD PFV PITOTOY,319927,6193061,Fotovoltaica,19 H,19,H,-34.38819951,-70.95875953,,
1738,PMGD PFV GR LEMU,247117.09,6055548.86,Fotovoltaica,19 H,19,H,-35.61152212,-71.79184283,,
1739,PMGD PFV LA CHIMBA BIS,285885.28,6606788.16,Fotovoltaica,19J,19,J,-30.65242167,-71.23449742,,
1740,PFV SOL DEL DESIERTO,441252.8843,7546766.461,Fotovoltaica,19K,19,K,-22.18336608,-69.5698688,,
1741,PFV LA CRUZ SOLAR,436901,7538315,Fotovoltaica,19K,19,K,-22.25956181,-69.6124133,,
1742,PFV SOL DE LILA,542967.49,7342021.23,Fotovoltaica,19J,19,J,-24.03330842,-68.57744723,,
1744,PMGD PFV EL RESPLANDOR,732739,5897568,Fotovoltaica,18H,18,H,-37.03927467,-72.3831569,,
1745,PMGD PFV SANTA AMELIA,288126.29,6189779.72,Fotovoltaica,19H,19,H,-34.41174286,-71.30525742,,
1747,PMGD PFV EL LITRE SOLAR,334138,6332974,Fotovoltaica,19S,19,S,-33.12928135,-70.77800532,,
1748,PMGD PFV SOL DE SEPTIEMBRE,326247,6313882.7,Fotovoltaica,19H,19,H,-33.30015906,-70.86620816,,
1749,PMGD PFV TREBAL SOLAR,328986,6290033,Fotovoltaica,19S,19,S,-33.51560532,-70.84133523,,
1750,PMGD PFV GRANADA,262166.31,6033966.91,Fotovoltaica,19H,19,H,-35.80964201,-71.63224798,,
1751,PMGD PFV  ARGOMEDO,332986,6191178,Fotovoltaica,19H,19,H,-34.4073637,-70.81714151,,
1754,PMGD PFV COCHARCAS,222913,5953084,Fotovoltaica,19H,19,H,-36.52750928,-72.09468645,,
1755,PMGD PFV VICTORIA,504066.639,7515496.029,Fotovoltaica,19S,19,S,-22.46686138,-68.96047185,,
1756,PFV SOL DE LOS ANDES,407897.1,7088667.96,Fotovoltaica,19S,19,S,-26.31892177,-69.92279582,,
1759,PMGD  PFV PLAYERO,730173,6026660,Fotovoltaica,18H,18,H,-35.87728322,-72.45035412,,
1761,PMGD PFV SAN RAMIRO,278258.06,6234521.225,Fotovoltaica,19H,19,H,-34.00652356,-71.40107849,,
1762,PMGD PFV FILOMENA SOLAR,348550,6379891,Fotovoltaica,19H,19,H,-32.70834526,-70.61586,,
1763,PMGD PFV PUENTE SOLAR,328772.15,6286056.7,Fotovoltaica,19H,19,H,-33.55141709,-70.84439802,,
1764,PMGD PFV PEPA SOLAR,330220,6263360,Fotovoltaica,19H,19,H,-33.75625479,-70.83314364,,
1765,PMGD PFV EL GUANACO SOLAR,327184,6284777,Fotovoltaica,19H,19,H,-33.56269734,-70.86174465,,
1766,PMGD PFV CIPRES,"262,321.80","6,033,434.98",Fotovoltaica,19H,19,H,-35.8144706,-71.63068683,,
1768,PFV DE LOS ANDES,540741.9,7343313.6,Fotovoltaica,19J,19,J,-24.02169451,-68.59936998,,
1769,PMGD PFV LAS TORCAZAS,259250,6196340,Fotovoltaica,19 H,19,H,-34.34631979,-71.6173287,,
1770,PFV SOL DEL NORTE,541029.48,7343974,Fotovoltaica,19J,19,J,-24.01572233,-68.59656076,,
1771,PFV DEL DESIERTO,541029.48,7343977.3,Fotovoltaica,19J,19,J,-24.01569252,-68.59656086,,
1774,PMGD PFV LOS TILOS,307289.24,6369024.65,Fotovoltaica,19H,19,H,-32.79986158,-71.05811583,,
1775,PMGD PFV LAS TORTOLAS,732450,5927680,Fotovoltaica,18 H,18,H,-36.7681815,-72.39564199,,
1781,PMGD PFV LAS TENCAS,307644,6189377,Fotovoltaica,19h,19,h,-34.41918955,-71.09311989,,
1782,PMGD PFV PARQUE SOLAR BICENTENARIO,244160,5996671,Fotovoltaica,19H,19,H,-36.14096094,-71.84335243,,
1783,PMGD PFV  COCINILLAS,297769,6498512,Fotovoltaica,19S,19,S,-31.63080073,-71.13229831,,
1784,PMGD PFV CANELILLO,285105,6490330,Fotovoltaica,19 S,19,S,-31.70226395,-71.26753156,,
1786,PMGD PFV CAIMI,275740.94,6313475.03,Fotovoltaica,19H,19,H,-33.2945064,-71.4084037,,
1787,PMGD PFV QUILLAY,299106,6275512,Fotovoltaica,19 S,19,S,-33.64128575,-71.16614123,,
1788,PMGD PFV  SANTA CAROLINA,325733,6160372,Fotovoltaica,19H,19,H,-34.68382528,-70.90232767,,
1791,PMGD PFV CANDELARIA SOLAR,349571,6234198,Fotovoltaica,19H,19,H,-34.02208862,-70.62927821,,
1794,PFV DOMEYKO,441034.28,7339008.92,Fotovoltaica,19J,19,J,-24.06000011,-69.58000003,,
1796,PMGD PFV DON JORGE (EX PERALILLO),271118,6181260,Fotovoltaica,19H,19,H,-34.48487676,-71.49244531,,
1797,PMGD PFV PITRA,259094,6304978,Fotovoltaica,19H,19,H,-33.36747839,-71.58929378,,
1798,PMGD PFV PARQUE SOLAR SAN JAVIER,256818,6057915,Fotovoltaica,19H,19,H,-35.59264454,-71.6841392,,
1799,PMGD PFV EL ROMERAL,313559,6154670,Fotovoltaica,19H,19,H,-34.73306653,-71.03640877,,
1801,PMGD PFV PLAYERITO,730173,6026660,Fotovoltaica,18H,18,H,-35.87728322,-72.45035412,,
1802,PMGD PFV GR RAULI,292374,6114000,Fotovoltaica,19H,19,H,-35.09543469,-71.27775508,,
1803,PMGD PFV SANTA INES SOLAR,326064,6333214,Fotovoltaica,19H,19,H,-33.12585266,-70.86447227,,
1805,PMGD PFV PARQUE SOLAR MECO CHILLAN,755934.43,5929082.64,Fotovoltaica,18H,18,H,-36.74950474,-72.13327918,,
1806,PMGD PFV QUINANTU SOLAR,265935,6068768,Fotovoltaica,19H,19,H,-35.49708541,-71.58046705,,
1807,PMGD PFV MERCURIO SUR,282509.5,6040873.02,Fotovoltaica,19H,19,H,-35.7521481,-71.40540819,,
1808,PMGD PFV SATURNO NORTE,282785.04,6041436.48,Fotovoltaica,19H,19,H,-35.74713312,-71.40221055,,
1809,PFV VALLE ESCONDIDO,375123,6923024,Fotovoltaica,19J,19,J,-27.81158833,-70.26781795,,
1810,PFV PAMPA TIGRE,417151,7361529,Fotovoltaica,19K,19,K,-23.85554124,-69.8136282,,
1811,PMGD PFV MALINKE,288.155,6.260.478,Fotovoltaica,19H,19,H,-33.6781433,-74.38786688,,
1814,PMGD PFV DON ANDRONICO,285480.27,6236425.53,Fotovoltaica,19 H,19,H,-33.99086436,-71.32246457,,
1816,PMGD PFV EL SALITRAL,306995,6546255,Fotovoltaica,19 J,19,J,-31.20189156,-71.02579715,,
1817,PMGD PFV PAINE,502816,7513903,Fotovoltaica,19K,19,K,-22.48125539,-68.97262536,,
1818,PMGD PFV PARQUE SOLAR OVALLE NORTE,285141,6616027,Fotovoltaica,19J,19,J,-30.5689828,-71.24034027,,
1820,PMGD PFV TRINIDAD,264050,6197450,Fotovoltaica,19H,19,H,-34.33742361,-71.56488705,,
1824,PMGD PFV PARQUE SOLAR LA MURALLA,306054,6185768,Fotovoltaica,19J,19,J,-34.45141712,-71.11122931,,
1825,PMGD PFV LUMBRERAS,285705,6274772,Fotovoltaica,19H,19,H,-33.64533954,-71.31071644,,
1826,PFV TAMAYA SOLAR,387378.44,7548085.85,Fotovoltaica,19K,19,K,-22.1687828,-70.0923235,,
1827,PMGD PFV LINGUE,277419.047,6303899.769,Fotovoltaica,19H,19,H,-33.38114656,-71.39275528,,
1828,PMGD PFV EL PIUQUEN,747582.925,5926621.67,Fotovoltaica,18H,18,H,-36.77388004,-72.2259247,,
1829,PMGD PFV LA FORESTA,244800,6127900,Fotovoltaica,19H,19,H,-34.95932008,-71.79489515,,
1831,PMGD PFV LAS MAJADAS,314352,6605240,Fotovoltaica,19 J,19,J,-30.67115116,-70.937852,,
1832,PMGD PFV VENTURADA,755786,5937908,Fotovoltaica,18 H,18,H,-36.67008491,-72.13789076,,
1833,PMGD PFV VILLA SOLAR,260800,6111800,Fotovoltaica,19 H,19,H,-35.10825274,-71.62447057,,
1834,PMGD PFV PARQUE ROMERIA,311850,6126650,Fotovoltaica,19H,19,H,-34.98526416,-71.06135727,,
1835,PMGD PFV PARQUE SOLAR MEMBRILLO,317454,6148288,Fotovoltaica,19H,19,H,-34.79128683,-70.99527248,,
1836,PMGD PFV BERRUECO,755305,5938214,Fotovoltaica,18 H,18,H,-36.66745896,-72.14336874,,
1837,PMGD PFV TAMARUGO,432853,7747647,Fotovoltaica,19 K,19,K,-20.36815132,-69.64340739,,
1838,PMGD PFV CASABERMEJA,317326,6289143,Fotovoltaica,19 H,19,H,-33.52169862,-70.96699951,,
1839,PFV VALLE DEL SOL,440392.61,7530131.18,Fotovoltaica,19K,19,K,-22.3336168,-69.57883096,,
1842,PMGD PFV SAN CAMILO,288023,6111079,Fotovoltaica,19H,19,H,-35.12084651,-71.32620109,,
1843,PMGD PFV DADINCO,760481,5953715,Fotovoltaica,18H,18,H,-36.52649499,-72.0907698,,
1846,PMGD PFV KAUFMANN,337296,6314369,Fotovoltaica,19H,19,H,-33.29750002,-70.74749768,,
1847,PMGD PFV CURACAVI,300778,6309154,Fotovoltaica,19H,19,H,-33.33837378,-71.14064677,,
1848,PMGD PFV EL FLAMENCO,272053,6048016,Fotovoltaica,19H,19,H,-35.68543945,-71.51893023,,
1849,PMGD PFV PARQUE SOLAR ALCALDESA,720163,5986382,Fotovoltaica,18H,18,H,-36.2423942,-72.54991476,,
1850,PFV ANDES SOLAR II-B,544169.36,7344751.04,Fotovoltaica,19J,19,J,-24.00861971,-68.56571084,,
1851,PFV TENO SOLAR,303792.65,6139573.14,Fotovoltaica,19H,19,H,-34.86728072,-71.14654269,,
1852,PFV MACHICURA,282914,6043363,Fotovoltaica,19 Sur,19,Sur,-35.72980672,-71.40026426,,
1853,PFV CARACAS II,269905.33,6470490.12,Fotovoltaica,19J,19,J,-31.87814818,-71.43247781,,
1855,PMGD PFV SANTA RITA,239648,5951577,Fotovoltaica,19 H,19,H,-36.54577958,-71.90851253,,
1856,PMGD PFV SDSI,738027,5842130,Fotovoltaica,18H,18,H,-37.5371164,-72.30600847,,
1857,PMGD PFV NAHUEN,297157,6263448,Fotovoltaica,19H,19,H,-33.7496459,-71.18990083,,
1858,PMGD PFV PRETTY FIELD,279016,6601782,Fotovoltaica,19 J,19,J,-30.69630703,-71.30721003,,
1859,PMGD PFV PARQUE PENCAHUE ESTE,249944,6077250,Fotovoltaica,19H,19,H,-35.41679612,-71.7539782,,
1860,PMGD PFV PARQUE CURICURA,304347,6132988,Fotovoltaica,19H,19,H,-34.92672814,-71.1420224,,
1861,PMGD PFV PARQUE ALHUE,289357,6235622,Fotovoltaica,19H,19,H,-33.99889055,-71.28071677,,
1862,PFV DIEGO DE ALMAGRO SUR,403353,7058772,Fotovoltaica,19J,19,J,-26.58852208,-69.97057919,,
1863,PMGD PFV LO BOZA,336234,6304976,Fotovoltaica,19 H,19,H,-33.38202282,-70.76060287,,
1864,PFV COYA,451914.78,7539426.97,Fotovoltaica,19K,19,K,-22.25000014,-69.46666663,,
1866,PMGD PFV GR PITAO,304338,6143801,Fotovoltaica,19H,19,H,-34.82928712,-71.13959335,,
1867,PMGD PFV LLAY LLAY,316745,6363723,Fotovoltaica,19H,19,H,-32.84927657,-70.95823121,,
1869,PMGD PFV LINARES SOLAR,262841,6029130,Fotovoltaica,19H,19,H,-35.85336986,-71.62622392,,
1870,PMGD PFV LOS LAGOS,281128,6206916,Fotovoltaica,19H,19,H,-34.25587585,-71.37698243,,
1871,PMGD PFV RINCONADA NORTE (SLK 808),341645,6385394,Fotovoltaica,19H,19,H,-32.65775452,-70.68856994,,
1872,PMGD PFV AVILES,271446,6243265,Fotovoltaica,19 H,19,H,-33.92627583,-71.47249955,,
1873,PMGD PFV PEÑAFLOR SOLAR,323347,6284270,Fotovoltaica,19 H,19,H,-33.56663924,-70.90316122,,
1875,PMGD PFV SALERNO SOLAR,275149,6246118,Fotovoltaica,19 H,19,H,-33.90136538,-71.43174161,,
1876,PMGD PFV LAS CABRAS,286479,6196755,Fotovoltaica,19 H,19,H,-34.34855009,-71.32143151,,
1877,PMGD PFV ESFENA,329644,6431925,Fotovoltaica,19H,19,H,-32.23641429,-70.80808599,,
1878,PMGD PFV VICENTE SOLAR,349949,6272168,Fotovoltaica,19 H,19,H,-33.67982373,-70.61871418,,
1879,PMGD PFV MUTUPIN,242328,5963952,Fotovoltaica,19H,19,H,-36.43508367,-71.87448391,,
1880,PMGD PFV ORION SOLAR,765628,5945935,Fotovoltaica,18 H,18,H,-36.59512261,-72.03067214,,
1885,PMGD PFV QUETENA,503951.9388,7516690.731,Fotovoltaica,19 K,19,K,-22.45606865,-68.96158973,,
1886,PMGD PFV HUAPE,745793,5945131,Fotovoltaica,18 H,18,H,-36.60767897,-72.25190089,,
1887,PMGD PFV SANTA ESTER,232297,5957865,Fotovoltaica,19 H,19,H,-36.48713908,-71.98835477,,
1888,PMGD PFV PARQUE PANGUILEMO AEROPUERTO,264445,6081116,Fotovoltaica,19H,19,H,-35.38550835,-71.5933066,,
1889,PFV ELENA,448153,7550295,Fotovoltaica,19K,19,K,-22.15170949,-69.50282388,,
1891,PMGD PFV PARQUE SANTA CRUZ,286547,6166212,Fotovoltaica,19H,19,H,-34.62377974,-71.32833196,,
1892,PMGD PFV MOYA,735300,5894417,Fotovoltaica,18 H,18,H,-37.06701013,-72.3534038,,
1893,PMGD PFV CORTIJO,731712,5890695,Fotovoltaica,18 H,18,H,-37.10141989,-72.39257388,,
1894,PMGD PFV PEGASUS SOLAR,766146,5945908,Fotovoltaica,18 H,18,H,-36.59522134,-72.02487939,,
1895,PMGD PFV LOS MOLINOS,289800,6282970,Fotovoltaica,19 H,19,H,-33.57227292,-71.2646573,,
1896,PMGD PFV GR PEUMO,304335,6189673,Fotovoltaica,19H,19,H,-34.41590062,-71.12903737,,
1897,PMGD PFV LA PALMA SOLAR,755236,5945987,Fotovoltaica,18H,18,H,-36.59749116,-72.14672349,,
1899,PFV CASTILLA,347867,6913075,Fotovoltaica,19J,19,J,-27.89855304,-70.54573388,,
1900,PFV GUANCHOI,401215,7095179,Fotovoltaica,19J,19,J,-26.2596927,-69.98923844,,
1901,PMGD PFV LOS MAGNOLIOS SOLAR,273075,6302722,Fotovoltaica,19H,19,H,-33.39085135,-71.43971409,,
1905,PMGD PFV PARQUE SOLAR MARAMBIO,292999,6261324,Fotovoltaica,19H,19,H,-33.76798394,-71.23525823,,
1906,PMGD PFV SANTA LUISA,233467,5961862,Fotovoltaica,19H,19,H,-36.45148015,-71.97393394,,
1908,PMGD PFV PARQUE LA TRAVESIA,365444,6963800,Fotovoltaica,19H,19,H,-27.44263911,-70.36150103,,
1909,PMGD PFV ERINOME,253931,6074912,Fotovoltaica,19H,19,H,-35.43884681,-71.71081784,,
1910,PMGD PFV PACHIRA,262842,6028805,Fotovoltaica,19H,19,H,-35.85629727,-71.62630946,,
1911,PMGD PFV CONDOR PELVIN,321186,6278160,Fotovoltaica,19H,19,H,-33.62135712,-70.92765644,,
1912,PMGD PFV FLORENCIA SOLAR,269117,6470326,Fotovoltaica,19J,19,J,-31.87946783,-71.44084433,,
1913,PFV MESETA DE LOS ANDES,367920,6362752,Fotovoltaica,19H,19,H,-32.86539615,-70.41169411,,
1914,PMGD PFV EL CASTAÑO,286479,6196755,Fotovoltaica,19H,19,H,-34.34855009,-71.32143151,,
1915,PMGD PFV SANTA MARGARITA,268213,6183818,Fotovoltaica,19H,19,H,-34.46118145,-71.52335859,,
1916,PMGD PFV GRANATE,283703,6613915,Fotovoltaica,19J,19,J,-30.58776743,-71.2557656,,
1917,PMGD PFV COLCHAGUA,276091,6177851,Fotovoltaica,19H,19,H,-34.51668409,-71.43922986,,
1918,PMGD PFV SAN ANTONIO,270778,6030005,Fotovoltaica,19H,19,H,-35.84737696,-71.53815948,,
1919,PMGD PFV RECOLETA,295664,6622477,Fotovoltaica,19J,19,J,-30.51266096,-71.12941211,,
1920,PMGD PFV MELI,337431,6230561,Fotovoltaica,19H,19,H,-34.05306271,-70.76139036,,
1923,PMGD PFV ASTILLAS,316533,6840884,Fotovoltaica,19H,19,H,-28.54593594,-70.87532517,,
1924,PMGD PFV GUADALUPE,356652,6364753,Fotovoltaica,19H,19,H,-32.84593561,-70.53178251,,
1925,PMGD PFV SOLARPARK VILLA ALEMANA,285748,6341190,Fotovoltaica,19H,19,H,-33.04675127,-71.29449027,,
1927,PMGD PFV SANTA FRANCISCA,344394,6678110,Fotovoltaica,19J,19,J,-30.01812444,-70.613558,,
1928,PMGD PFV ESCORIAL DEL VERANO SOLAR,333156,6375932,Fotovoltaica,19H,19,H,-32.74181787,-70.78074695,,
1930,PMGD PFV PARQUE SOLAR NANCAGUA,295694,6161866,Fotovoltaica,19H,19,H,-34.66480545,-71.2296739,,
1931,PMGD PFV LOS TAURETES,341340,6344368,Fotovoltaica,19H,19,H,-33.02762755,-70.69885511,,
1932,PMGD PFV LAS CATITAS,262239,6034743,Fotovoltaica,19H,19,H,-35.8026696,-71.63121352,,
1933,PMGD PFV EL ZORZAL,270127,6090779,Fotovoltaica,19H,19,H,-35.29978914,-71.52809177,,
1934,PMGD PFV TARANTO,274966,6304312,Fotovoltaica,19H,19,H,-33.37692059,-71.41900238,,
1935,PMGD PFV PUELCHE SOLAR,736366,5843863,Fotovoltaica,18H,18,H,-37.52194011,-72.32534647,,
1936,PMGD PFV NAZARINO DEL VERANO SOLAR,309002,6267751,Fotovoltaica,19H,19,H,-33.71306289,-71.06116849,,
1938,PMGD PFV FARAMALLA,308927,6231116,Fotovoltaica,19H,19,H,-34.04324862,-71.06993802,,
1939,PMGD PFV LOS TORDOS,265808,6070737,Fotovoltaica,19H,19,H,-35.47931963,-71.58129829,,
1940,PMGD PFV LOICA,247478,6055492,Fotovoltaica,19H,19,H,-35.61212642,-71.78788036,,
1942,PMGD PFV ICB,341942,6309279,Fotovoltaica,19H,19,H,-33.34408271,-70.69850754,,
1943,PMGD PFV ANAKENA,294387,6610382,Fotovoltaica,18H,18,H,-30.62150941,-77.14511162,,
1945,PMGD PFV PASTRAN,294845,6608807,Fotovoltaica,18H,18,H,-30.63579056,-77.14064896,,
1946,PMGD PFV SUNHUNTER,287054,6618762,Fotovoltaica,19J,19,J,-30.54466285,-71.21984438,,
1947,PMGD PFV HUAQUELON,285369,6587214,Fotovoltaica,19J,19,J,-30.82882239,-71.24397072,,
1949,PMGD PFV GABRIELA,336327,6681655,Fotovoltaica,19J,19,J,-29.9850942,-70.69663468,,
1950,PMGD PFV DON ENRIQUE,281466,6589150,Fotovoltaica,19J,19,J,-30.81065378,-71.28433612,,
1951,PMGD PFV MITCHI,396984,7407369,Fotovoltaica,19H,19,H,-23.44037348,-70.00848074,,
1952,PMGD PFV PARQUE VALPARAISO,312839,6364945,Fotovoltaica,19H,19,H,-32.83760009,-70.99970114,,
1953,PMGD PFV PARQUE PVP ITIHUE,236671,5962209,Fotovoltaica,19H,19,H,-36.44924103,-71.93810902,,
1954,PMGD PFV EL MONTE,315239,6272465,Fotovoltaica,19H,19,H,-33.67167606,-70.9929162,,
1955,PMGD PFV REXNER,356817,6360073,Fotovoltaica,19H,19,H,-32.88815834,-70.53074493,,
1957,PMGD PFV PLAYERON,730117,6026836,Fotovoltaica,18H,18,H,-35.87571112,-72.4510247,,
1958,PMGD PFV LAS TORTOLAS DEL VERANO,357154,6360637,Fotovoltaica,19H,19,H,-32.88311661,-70.52705598,,
1960,PMGD PFV FARDELA NEGRA,257602,6305531,Fotovoltaica,19H,19,H,-33.36216017,-71.60516703,,
1963,PMGD PFV SAN CARLOS SOLAR,236410,5967617,Fotovoltaica,19H,19,H,-36.40047894,-71.93918033,,
1964,PMGD PFV ENCINO,339355,6205185,Fotovoltaica,19H,19,H,-34.28211126,-70.74525589,,
1965,PMGD PFV PIDUCO,254003,6076407,Fotovoltaica,19H,19,H,-35.42539962,-71.70957402,,
1966,PMGD PFV FULGOR,709882,5829398,Fotovoltaica,18H,18,H,-37.65861392,-72.62063522,,
1967,PMGD PFV GABARDO DEL VERANO SOLAR,351407,6256171,Fotovoltaica,19H,19,H,-33.82425347,-70.60567784,,
1968,PMGD PFV GUARANA,257361,6226729,Fotovoltaica,19H,19,H,-34.07210292,-71.62932416,,
1969,PMGD PFV PARQUE FOTOVOLTAICO EL SHARON,284785,6227451,Fotovoltaica,19H,19,H,-34.07159504,-71.33219931,,
1970,PMGD PFV RINCONADA ALCONES,248410,6192008,Fotovoltaica,19H,19,H,-34.38276758,-71.73632987,,
1971,PMGD PFV CARACOLES,274781,6047257,Fotovoltaica,19H,19,H,-35.69290327,-71.48902258,,
1973,PMGD PFV SAN EMILIO SOLAR I,298261,6124132,Fotovoltaica,19H,19,H,-35.00533487,-71.21075263,,
1974,PMGD PFV NEWENTUN,274881,6180213,Fotovoltaica,19H,19,H,-34.49513886,-71.45177715,,
1975,PMGD PFV SANTA ELIZABETH,343131,7090683,Fotovoltaica,19H,19,H,-26.29509098,-70.57129883,,
1976,PMGD PFV TREBO,281327,6273012,Fotovoltaica,19H,19,H,-33.66030917,-71.3583221,,
1977,PMGD PFV EL HUASO,314619,6372938,Fotovoltaica,19H,19,H,-32.76584349,-70.97909493,,
1979,PMGD PFV PARQUE SOLAR CANTILLANA,331126,6254815,Fotovoltaica,19H,19,H,-33.83342971,-70.82500018,,
1980,PMGD PFV MANAO,313799,6362021,Fotovoltaica,19H,19,H,-32.86412379,-70.99003804,,
1981,PMGD PFV CENTRAL LLIU LLIU (FOSTER),275997,6355737,Fotovoltaica,19H,19,H,-32.91368269,-71.39529462,,
1982,PMGD PFV LA COLONIA,335039,6256319,Fotovoltaica,19H,19,H,-33.82049001,-70.78244955,,
1985,PMGD PFV VENTISQUERO SOLAR,314106,6153272,Fotovoltaica,19H,19,H,-34.74576523,-71.03074583,,
1986,PMGD PFV PSF PUANGUE,284149,6273476,Fotovoltaica,19H,19,H,-33.6567044,-71.32779711,,
1987,PMGD PFV MANDINGA,290281,6257346,Fotovoltaica,19H,19,H,-33.80329941,-71.26553243,,
1988,PMGD PFV LAS CACHAÑAS,319931,6171382,Fotovoltaica,19H,19,H,-34.583591,-70.96329064,,
1989,PMGD PFV LAS GOLONDRINAS,281757,6044418,Fotovoltaica,19H,19,H,-35.72004711,-71.41276002,,
1990,PMGD PFV EL TIUQUE,256372,6055746,Fotovoltaica,19H,19,H,-35.61207011,-71.68971122,,
1991,PMGD PFV IDAHUE DEL VERANO SOLAR,306041,6201381,Fotovoltaica,19H,19,H,-34.31070676,-71.10784047,,
1992,PMGD PFV CANTERA,267105,6245599,Fotovoltaica,19H,19,H,-33.90429419,-71.51880191,,
1993,PMGD PFV PARANAL,368689,7274891,Fotovoltaica,19H,19,H,-24.6346066,-70.29738854,,
1994,PMGD PFV ARMAZONES,368689,7274891,Fotovoltaica,19H,19,H,-24.6346066,-70.29738854,,
1996,PMGD PFV CABILDO SUNLIGHT,302597,6407619,Fotovoltaica,19H,19,H,-32.45110715,-71.10005518,,
1998,PMGD PFV DUQUECO SOLAR,738276,5841834,Fotovoltaica,18H,18,H,-37.53971716,-72.30309709,,
2000,PMGD PFV HELIOS,315433,6364334,Fotovoltaica,19H,19,H,-32.84354811,-70.97212198,,
2001,PMGD PFV PSF HORIZONTE,339586,6254036,Fotovoltaica,19H,19,H,-33.84177153,-70.73375347,,
2002,PMGD PFV GR ALCON SOLAR,248366,6192058,Fotovoltaica,19H,19,H,-34.38230647,-71.73679328,,
2003,PMGD PFV LOCKMA,371401,7389091,Fotovoltaica,19K,19,K,-23.60361707,-70.26045557,,
2004,PMGD PFV CKILIR,369693,7388209,Fotovoltaica,19K,19,K,-23.61144518,-70.2772704,,
2005,PMGD PFV SAN JOSE II,232808,5957506,Fotovoltaica,19H,19,H,-36.49051382,-71.98278153,,
2006,PMGD PFV AVEL SOLAR,736748,5856837,Fotovoltaica,18H,18,H,-37.40502608,-72.32519588,,
2007,PMGD PFV PALTO SUNLIGHT,291659,6351055,Fotovoltaica,19H,19,H,-32.95898097,-71.22899138,,
2009,PMGD PFV NIHUE,262906,6239111,Fotovoltaica,19H,19,H,-33.96181405,-71.56592914,,
2011,PMGD PFV COLTAUCO ALMENDRO,388583,6206034,Fotovoltaica,19H,19,H,-34.28090654,-70.21045878,,
2012,PMGD PFV PEQUEN,302321,6141289,Fotovoltaica,19H,19,H,-34.85153352,-71.16222783,,
2013,PMGD PFV SLK CB NUEVE,341431,6384968,Fotovoltaica,19H,19,H,-32.66156501,-70.69092335,,
2014,PMGD PFV ITAHUE SOLAR,284960,6106723,Fotovoltaica,19H,19,H,-35.15944256,-71.36092228,,
2015,PMGD PFV JAVIERA CARRERA,339902,6263267,Fotovoltaica,19H,19,H,-33.7586012,-70.72866514,,
2016,PMGD PFV MILAN A,305769,6141844,Fotovoltaica,19H,19,H,-34.84719671,-71.12440793,,
2019,PFV MANZANO,332907,6336569,Fotovoltaica,19H,19,H,-33.09668058,-70.79053795,,
2021,PMGD PFV DON RODRIGO,266847,6065328,Fotovoltaica,19H,19,H,-35.52828602,-71.57141017,,
2022,PMGD PFV MALVILLA,271908,6275146,Fotovoltaica,19H,19,H,-33.63910028,-71.45927582,,
2025,PMGD PFV SOLAR TORINO,303998,6138914,Fotovoltaica,19H,19,H,-34.87326006,-71.1444518,,
2027,PMGD PFV SANTA EMILIA,335317,6223306,Fotovoltaica,19H,19,H,-34.11813194,-70.78565808,,
2028,PMGD PFV LITORAL SUNLIGHT,257978,6299334,Fotovoltaica,19H,19,H,-33.41808284,-71.60279435,,
2029,PMGD PFV CONDOR CHEPICA,288073,6154882,Fotovoltaica,19H,19,H,-34.72618584,-71.31453832,,
2030,PMGD PFV LIMA,288073,6154882,Fotovoltaica,19H,19,H,-34.72618584,-71.31453832,,
2031,PMGD PFV PICUNCHE,344932,6236245,Fotovoltaica,19H,19,H,-34.00295905,-70.67914059,,
2034,PMGD PFV NAN,339479,6231124,Fotovoltaica,19H,19,H,-34.04830336,-70.73910622,,
2035,PMGD PFV LOS JOTES,303003,6406555,Fotovoltaica,19H,19,H,-32.46077117,-71.09596066,,
2036,PMGD PFV BERGAMO,305769,6141844,Fotovoltaica,19H,19,H,-34.84719671,-71.12440793,,
2039,PMGD PFV LAS PALMAS DEL VERANO SOLAR,268557,6276661,Fotovoltaica,19H,19,H,-33.6247251,-71.49498253,,
2040,PMGD PFV AÑUÑUCA DEL VERANO SOLAR,333797,6374920,Fotovoltaica,19H,19,H,-32.75103947,-70.77408921,,
2041,PMGD PFV VILLA MOSCOSO,279328,6336452,Fotovoltaica,19H,19,H,-33.08816966,-71.36433626,,
2043,PMGD PFV MARAÑON,332134,6836915,Fotovoltaica,19H,19,H,-28.58385488,-70.71650072,,
2044,PMGD PFV PARQUE EL INGENIO,298092,6402846,Fotovoltaica,19H,19,H,-32.49332648,-71.14897491,,
2045,PMGD PFV RDCL SAN,288064,6344261,Fotovoltaica,19H,19,H,-33.01952528,-71.2689946,,
2046,PMGD PFV CAÑONES SUNLIGHT,295336,6371855,Fotovoltaica,19H,19,H,-32.77218589,-71.18507219,,
2047,PMGD PFV TIERRA,374997,6954550,Fotovoltaica,19J,19,J,-27.52703829,-70.26581341,,
2048,PMGD PFV SAMO BAJO,294060,6617900,Fotovoltaica,19J,19,J,-30.55366001,-71.14702571,,
2050,PMGD PFV PARQUE SOLAR FOTOVOLTAICO LA VICTORIA,765700,5943300,Fotovoltaica,18H,18,H,-36.61882515,-72.02895774,,
2051,PMGD PFV CONDOR PETORCA,315679,6428461,Fotovoltaica,19H,19,H,-32.26543922,-70.95690314,,
2053,PMGD PFV AROMO DEL VERANO SOLAR,327390,6212978,Fotovoltaica,19H,19,H,-34.2099474,-70.87362738,,
2054,PMGD PFV LO CHACON,286151,6237017,Fotovoltaica,19H,19,H,-33.98567113,-71.31506361,,
2055,PMGD PFV PARQUE SOLAR RIO PEUCO,342771,6243171,Fotovoltaica,19H,19,H,-33.94019976,-70.70128756,,
2057,PMGD PFV LIQUIDAMBAR,355944,6366599,Fotovoltaica,19H,19,H,-32.82919676,-70.53905836,,
2058,PMGD PFV BULNES LOS BARONES,749708,5921066,Fotovoltaica,18H,18,H,-36.82334561,-72.2003182,,
2059,PMGD PFV PARQUE SOLAR EL OLIVAR,729022,5854235,Fotovoltaica,18H,18,H,-37.43039802,-72.41159546,,
2060,PMGD PFV PSF CHAMPA,334908,6255173,Fotovoltaica,19H,19,H,-33.83080049,-70.78407906,,
2061,PMGD PFV CLEMENTINA,325948,6333700,Fotovoltaica,19H,19,H,-33.12145256,-70.86562246,,
2062,PMGD PFV EL CUERVO,771128,6121295,Fotovoltaica,18H,18,H,-35.0146624,-72.02871657,,
2063,PMGD PFV PARQUE SOLAR JOTABECHE,376447,6946613,Fotovoltaica,19J,19,J,-27.59880819,-70.25194579,,
2066,PMGD PFV CAUQUENES,741939,6020606,Fotovoltaica,18H,18,H,-35.9289706,-72.31830598,,
2068,PMGD PFV LOS LIRIOS,334145,6210451,Fotovoltaica,19H,19,H,-34.23382407,-70.80082128,,
2069,PMGD PFV PELUMPEN SOLAR,298777.2374,6342853.436,Fotovoltaica,19H,19,H,-33.03424526,-71.1546793,,
2070,PMGD PFV PARQUE SOLAR EL RECONQUISTADOR,722164,5989076,Fotovoltaica,18H,18,H,-36.21767084,-72.5284294,,
2071,PMGD PFV RATULEMUS,739491,6019565,Fotovoltaica,18H,18,H,-35.93894909,-72.34510005,,
2072,PMGD PFV DON MARTIN,746402,5835069,Fotovoltaica,18H,18,H,-37.59848586,-72.20894853,,
2073,PMGD PFV MAIKONO,271668,6366156,Fotovoltaica,19H,19,H,-32.81888751,-71.43897597,,
2074,PMGD PFV ALBOR SOLAR,746491.61,5835409.26,Fotovoltaica,18H,18,H,-37.59539857,-72.20804915,,
2075,PMGD PFV VIOLETA,339558,6263963,Fotovoltaica,19H,19,H,-33.75227459,-70.73225178,,
2082,PMGD PFV CONCON,267390,6353815,Fotovoltaica,19H,19,H,-32.92920674,-71.48774163,,
2083,PMGD PFV CABRERO SOLAR,729849,5897540,Fotovoltaica,18H,18,H,-37.04023885,-72.4156123,,
2084,PMGD PFV ROSARIO,326161,6196391,Fotovoltaica,19H,19,H,-34.35925131,-70.89030714,,
2085,PMGD PFV COLINA,340002,6343801.24,Fotovoltaica,19H,19,H,-33.03254178,-70.71327515,,
2088,PMGD PFV TALLADO,354196,7440018,Fotovoltaica,19H,19,H,-23.14227543,-70.42412946,,
2089,PMGD PFV BLU,767198.45,5938832.44,Fotovoltaica,18H,18,H,-36.65862637,-72.01066783,,
2096,PMGD PFV SANTA LUCIA,294475,6609231,Fotovoltaica,19H,19,H,-30.63190358,-71.14442301,,
2097,PMGD PFV PSF LA GAMBOINA,344280,6219781,Fotovoltaica,19H,19,H,-34.15128351,-70.68914267,,
2099,PFV CHERCAN SOLAR,285362,6663523,Fotovoltaica,19J,19,J,-30.14073945,-71.2283052,,
2101,PMGD PFV PATRICIA DEL VERANO SOLAR,319125,6269168,Fotovoltaica,19H,19,H,-33.70206434,-70.95169334,,
2105,PMGD PFV PSF COYUNCHE,741602,5856766,Fotovoltaica,18H,18,H,-37.40441236,-72.270388,,
2107,PMGD PFV MAITENLAHUE,260593,6246652,Fotovoltaica,19H,19,H,-33.893347,-71.5888813,,
2110,PMGD PFV EL PICHON,251116,6008548,Fotovoltaica,19H,19,H,-36.03581501,-71.76237935,,
2111,PMGD PFV AYLA SOLAR,338435,6222128,Fotovoltaica,19H,19,H,-34.12923787,-70.75208272,,
2112,PMGD PFV LAS BANDURRIAS,306119,6106198,Fotovoltaica,19H,19,H,-35.16847714,-71.12889159,,
2113,PMGD PFV ORQUIDEA SOLAR,287476,6617074,Fotovoltaica,19H,19,H,-30.55995857,-71.21579391,,
2114,PMGD PFV DON MATIAS,329108,6158846,Fotovoltaica,19H,19,H,-34.69814865,-70.86581176,,
2115,PMGD PFV PARQUE EL TRIGAL,757072.39,5913786.49,Fotovoltaica,18H,18,H,-36.8869125,-72.11537974,,
2117,PMGD PFV PARQUE PUEBLO SECO,756997.36,5913782.95,Fotovoltaica,18H,18,H,-36.8869648,-72.11621948,,
2118,PMGD PFV MALLOCO,324376,6277750,Fotovoltaica,19H,19,H,-33.62558419,-70.89336491,,
2123,PMGD PFV DOÑA IGNA,294610,6281136,Fotovoltaica,19H,19,H,-33.58973956,-71.21329147,,
2124,PMGD PFV INDEPENDENCIA,323803,6330956,Fotovoltaica,19H,19,H,-33.14584416,-70.88913344,,
2125,PMGD PFV LA PAZ,333281,6306468,Fotovoltaica,19H,19,H,-33.36811752,-70.79206039,,
2126,PMGD PFV CARA DE GALLO,314974,6205444,Fotovoltaica,19H,19,H,-34.27571913,-71.00994277,,
2128,PMGD PFV MAIMALICAN,278115,6441238,Fotovoltaica,19H,19,H,-32.14346295,-71.35248122,,
2129,PMGD PFV OLIVIER,337195.37,6676097.75,Fotovoltaica,19H,19,H,-30.03533994,-70.68848546,,
2131,PMGD PFV OLIVIA,334840,6674102,Fotovoltaica,19H,19,H,-30.05302685,-70.71321434,,
2132,PMGD PFV LOS NOGALES,275587.58,6596702.51,Fotovoltaica,19H,19,H,-30.74146323,-71.34408798,,
2133,PMGD PFV EL GAVIOTIN,285000,6694098,Fotovoltaica,19J,19,J,-29.86495782,-71.22589546,,
2134,PMGD PFV REN,711674,5825236,Fotovoltaica,18H,18,H,-37.69568324,-72.599128,,
2137,PMGD PFV FOTOVOLT LIN,259932,6032477,Fotovoltaica,19H,19,H,-35.82251703,-71.65740013,,
2139,PMGD PFV RIMINI,260899.96,6276112.04,Fotovoltaica,19H,19,H,-33.62797914,-71.57760195,,
2145,PMGD PFV YAHUTELA,315217,6370571,Fotovoltaica,19H,19,H,-32.78728345,-70.97318513,,
2146,PMGD PFV QUEMADOS,343913.43,6220841.42,Fotovoltaica,19H,19,H,-34.14166932,-70.69292668,,
2148,PMGD PFV PSF EL PERAL,343057,6264451,Fotovoltaica,19H,19,H,-33.74839937,-70.69440201,,
2151,PMGD PFV SOY SOLAR,279833,6654721,Fotovoltaica,19H,19,H,-30.21912176,-71.28750156,,
2152,PMGD PFV EL CHERCAN,288425,6126788,Fotovoltaica,19H,19,H,-34.9793937,-71.31778863,,
2158,PMGD PFV POCILLAS,736685,6016298,Fotovoltaica,18H,18,H,-35.96905719,-72.37520283,,
2159,PMGD PFV SIETE COLORES,292981,6497241,Fotovoltaica,19J,19,J,-31.64140686,-71.18301929,,
2163,PMGD PFV ARICA,367526,7970557,Fotovoltaica,19K,19,K,-18.3507026,-70.25379774,,
2171,PMGD PFV PENCAHUE,244234,6076805,Fotovoltaica,19H,19,H,-35.41935383,-71.8169375,,
2174,PMGD PFV TIJERAL,304113,6420296,Fotovoltaica,19H,19,H,-32.33708844,-71.08131227,,
2175,PMGD PFV PAILLIHUE,731908.459,5845350.149,Fotovoltaica,18H,18,H,-37.50968078,-72.37620707,,
2177,PMGD PFV JARDIN SOLAR PETORCA,323601,6414065,Fotovoltaica,19H,19,H,-32.3965156,-70.87551165,,
2180,PMGD PFV MACARENA SOLAR,433095,7747665,Fotovoltaica,19K,19,K,-20.36799721,-69.64108797,,
2183,PMGD PFV EL RAYADOR,284939,6695009,Fotovoltaica,19J,19,J,-29.85673181,-71.22634415,,
2184,PMGD PFV LOS CISNES,291502,6284678,Fotovoltaica,19H,19,H,-33.55721349,-71.24593386,,
2195,PMGD LAJA ANDINO,708487,5871372,Fotovoltaica,18H,18,H,-37.28091132,-72.64831663,,
2196,PMGD TER LOS ARRAYANES,339591,6314064,Fotovoltaica,19H,19,H,-33.30059397,-70.72291241,,
2197,PMGD PFV LAS ARBOLEDAS,301037.2,6140325.3,Fotovoltaica,19H,19,H,-34.85996714,-71.17648999,,
2198,PMGD PFV SOL DEL MAULE,255655.96,6061773.13,Fotovoltaica,19H,19,H,-35.55760977,-71.69578728,,
2201,PMGD PFV TRANQUE DEL SOL,294896.14,6377075.19,Fotovoltaica,19H,19,H,-32.72504841,-71.18861386,,
2206,PMGD PFV LAS TAGUAS,283939,6697434,Fotovoltaica,19J,19,J,-29.83468841,-71.23620219,,
2212,PMGD PFV EL CARDENAL,308201,6188779,Fotovoltaica,,,,-34.42468246,-71.08719643,,
2216,PMGD PFV RUCAPAINE,334.481,6.255.692,Fotovoltaica,19H,19,H,-33.72114032,-74.39006037,,
2253,PMGD PFV EL MIRLO,328870,6186307,Fotovoltaica,,,,-34.4505952,-70.86287781,,
2256,PMGD PFV LOS ROBLES,264392,6082340,Fotovoltaica,19H,19,H,-35.37447052,-71.59353647,,
2264,PMGD PFV EL CARPINTERO,736591,6083144,Fotovoltaica,18H,18,H,-35.36699577,-72.39588557,,
